{"Avg_time_per_sequence":13.731406378746033,"main_loss":18298.607421875,"Unique_sequences":9,"Train_time":3288.4988901615143,"Eval_mean_cai":0.4444964826107025,"Inference_time":137.31406378746033,"Std_edit_distance":1.6692110208415127,"aux_loss":91.90839385986328,"_step":20,"iteration":19,"Eval_mean_mfe":-138.87669372558594,"_wandb":{"runtime":3516},"Mean_edit_distance":4.138888888888889,"_timestamp":1.7533729497015831e+09,"_runtime":3516.904389703,"Reward Metric distributions":{"size":134902,"path":"media/images/Reward Metric distributions_20_73864f73016d0b22a0af.png","format":"png","width":5400,"height":1500,"_type":"image-file","sha256":"73864f73016d0b22a0af0e4ab9b4b54ec7dbb5a5b25493ab1ae5c21e72baded0"},"Edit_distance_distribution":{"format":"png","width":2100,"height":1500,"_type":"image-file","sha256":"f7f5f6e902d84e44f1535afe2da57f9a7470320f53306352ab9bf5eaf36f55d2","size":78360,"path":"media/images/Edit_distance_distribution_20_f7f5f6e902d84e44f153.png"},"Eval_mean_gc":48.605201721191406}