{"_wandb":{"runtime":2916},"eval_mean_mfe":-170.57168579101562,"unique_sequences":100,"train_time":1599.7963230609894,"_runtime":2916.620066527,"eval_mean_cai":0.5047340393066406,"eval_mean_gc":51.96690368652344,"_step":0,"_timestamp":1.7533101686631823e+09,"inference_time":1316.255538225174}