{"_runtime":2506.616165889,"eval_mean_cai":0.4607660174369812,"eval_mean_gc":43.55083084106445,"_step":0,"unique_sequences":100,"_timestamp":1.7533004219950438e+09,"inference_time":1383.7813153266907,"train_time":1122.0613601207733,"eval_mean_mfe":-151.36231994628906,"_wandb":{"runtime":2506}}