{"Eval_mean_cai":0.622454822063446,"Mean_edit_distance":NaN,"_timestamp":1.753369432188363e+09,"Eval_mean_gc":50.82742691040039,"Std_edit_distance":NaN,"_wandb":{"runtime":2301},"main_loss":10.94382095336914,"_runtime":2301.158672296,"iteration":19,"Unique_sequences":1,"Reward Metric distributions":{"size":104941,"path":"media/images/Reward Metric distributions_20_3db08e1ef80ad63b1756.png","format":"png","width":5400,"height":1500,"_type":"image-file","sha256":"3db08e1ef80ad63b175643381dfd98e7b12d435809a458639abafbc95d5c423a"},"Avg_time_per_sequence":13.395419096946716,"Inference_time":133.95419096946716,"_step":20,"Eval_mean_mfe":-153.49998474121094,"Train_time":2131.978637933731,"Edit_distance_distribution":{"sha256":"7449473cd868ad2249ad3185177d4fd2f8737f25940dbd2a42870ed70dc10e26","size":65660,"path":"media/images/Edit_distance_distribution_20_7449473cd868ad2249ad.png","format":"png","width":2100,"height":1500,"_type":"image-file"}}