{"Reward Metric distributions":{"_type":"image-file","sha256":"68b2eec0d48de16c9ecf60f4a0fc56d69777758574158fe0990d24a56922192b","size":135913,"path":"media/images/Reward Metric distributions_20_68b2eec0d48de16c9ecf.png","format":"png","width":5400,"height":1500},"Avg_time_per_sequence":13.27996804714203,"Eval_mean_mfe":-143.1033477783203,"main_loss":68.80001831054688,"Train_time":3206.686485528946,"iteration":19,"_step":20,"Mean_edit_distance":5.857142857142857,"aux_loss":10.382142066955566,"_runtime":3421.862809851,"Inference_time":132.7996804714203,"_wandb":{"runtime":3421},"Edit_distance_distribution":{"path":"media/images/Edit_distance_distribution_20_596905eaa89054692942.png","format":"png","width":2100,"height":1500,"_type":"image-file","sha256":"596905eaa890546929424af66a116a3a249a88542b55d08ff16d424165136a63","size":88356},"_timestamp":1.7533763722685807e+09,"Unique_sequences":8,"Eval_mean_gc":45.83924102783203,"Std_edit_distance":3.6617158908503704,"Eval_mean_cai":0.3962012827396393}