{"inference_time":1329.6844680309296,"unique_sequences":100,"_timestamp":1.7532943031031523e+09,"_runtime":2405.324985247,"_step":0,"_wandb":{"runtime":2405},"train_time":1074.8311359882355}